{"cameraMode":{"drawMode":0,"name":"Shaded","section":"Shading Mode"},"sceneLighting":false,"audioPlay":false,"sceneViewState":{"m_AlwaysRefresh":false,"showFog":false,"showSkybox":false,"showFlares":false,"showImageEffects":false,"showParticleSystems":false,"showVisualEffectGraphs":true,"m_FxEnabled":true},"in2DMode":false,"pivot":{"x":0.007374703884124756,"y":0.7965190410614014,"z":0.1021682620048523},"rotation":{"x":-0.00556790828704834,"y":0.8918677568435669,"z":-0.010978452861309052,"w":-0.452139288187027},"size":1.2584432363510132,"orthographic":false}