{"cameraMode":{"drawMode":0,"name":"Shaded","section":"Shading Mode"},"sceneLighting":false,"audioPlay":false,"sceneViewState":{"m_AlwaysRefresh":false,"showFog":true,"showSkybox":false,"showFlares":true,"showImageEffects":true,"showParticleSystems":true,"showVisualEffectGraphs":true,"m_FxEnabled":true},"in2DMode":false,"pivot":{"x":-1.7470736503601075,"y":1.5655615329742432,"z":-0.5441446304321289},"rotation":{"x":-0.10571475327014923,"y":0.8545438647270203,"z":-0.19181926548480988,"w":-0.4709511697292328},"size":2.0295209884643556,"orthographic":false}