{"cameraMode":{"drawMode":0,"name":"Shaded","section":"Shading Mode"},"sceneLighting":true,"audioPlay":false,"sceneViewState":{"m_AlwaysRefresh":false,"showFog":true,"showSkybox":true,"showFlares":true,"showImageEffects":true,"showParticleSystems":true,"showVisualEffectGraphs":true,"m_FxEnabled":true},"in2DMode":false,"pivot":{"x":-2.6338045597076418,"y":-1.9400851726531983,"z":0.582522451877594},"rotation":{"x":-0.13870301842689515,"y":0.8538199663162231,"z":-0.28846269845962527,"w":-0.41054683923721316},"size":11.971816062927246,"orthographic":false}